first_name,last_name,gender,email,phone_number,date_of_birth,join_date
Romeo,Possel,Male,rposselm8@technorati.com,165-576-4381,1988-01-22,2024-11-04
Vale,Pirelli,Male,vpirellim9@booking.com,702-528-0716,1969-08-25,2016-04-14
Steffie,McCaghan,Female,smccaghanma@bloglovin.com,762-636-1993,1971-12-03,2015-06-02
Nicolina,Remer,Female,nremermb@taobao.com,494-387-3063,1992-01-07,2016-04-15
Gail,Gebbie,Female,ggebbiemc@symantec.com,797-976-4947,1973-07-28,2024-01-30
Violetta,Cattermoul,Female,vcattermoulmd@biblegateway.com,425-563-8043,1989-09-22,2012-02-03
Wiatt,Meatyard,Male,wmeatyardme@scientificamerican.com,887-120-5993,1979-11-25,2011-03-22
Kelwin,Axe,Male,kaxemf@cdc.gov,462-189-8236,1957-10-17,2010-12-31
Sidney,Farndale,Male,sfarndalemg@usgs.gov,274-756-4872,1985-04-05,2013-09-05
Almire,Matissoff,Female,amatissoffmh@hexun.com,311-558-1823,1955-05-31,2021-07-27
Lisha,Alty,Female,laltymi@ask.com,559-488-3941,1979-07-18,2022-05-14
Laney,Thoumas,Male,lthoumasmj@discuz.net,506-750-5137,1969-10-13,2022-07-05
Pippy,Tomalin,Female,ptomalinmk@japanpost.jp,345-967-5985,1975-05-07,2015-02-07
Prissie,Ruffell,Female,pruffellml@home.pl,611-257-3956,1993-04-11,2015-04-30
Hans,Haysar,Male,hhaysarmm@illinois.edu,795-895-2101,1955-10-28,2015-04-11
Talia,Jarvie,Female,tjarviemn@amazon.co.jp,274-189-8236,1970-10-03,2020-12-07
Carling,Hartles,Male,chartlesmo@stanford.edu,199-228-0394,1997-12-25,2015-09-08
Byram,Mcwhinney,Male,bmcwhinneymp@ovh.net,100-631-6376,1966-01-19,2022-06-06
Shaun,Fortnon,Male,sfortnonmq@unblog.fr,202-504-2712,1942-07-25,2013-07-29
Bent,Moncarr,Male,bmoncarrmr@newyorker.com,160-891-4985,2000-03-09,2017-10-15
Rania,Shalliker,Female,rshallikerms@howstuffworks.com,970-296-7522,1945-01-29,2017-02-26
Rouvin,Evemy,Male,revemymt@t.co,663-987-4305,1970-07-16,2013-09-30
Scott,Bustard,Female,sbustardmu@posterous.com,213-284-1609,1966-09-15,2011-07-10
Eleanora,FitzGilbert,Female,efitzgilbertmv@ibm.com,309-602-9001,1968-09-29,2013-11-08
Aleksandr,Darben,Male,adarbenmw@fema.gov,215-163-4475,1948-04-03,2011-12-28
Marnie,Jerrom,Female,mjerrommx@amazon.co.uk,517-288-0647,1947-11-15,2015-08-07
Gris,Saxelby,Male,gsaxelbymy@mtv.com,243-292-3296,1996-01-19,2022-05-06
Jackqueline,Worsall,Female,jworsallmz@vkontakte.ru,434-212-2892,1982-01-26,2023-11-26
Willem,Redler,Male,wredlern0@trellian.com,269-346-3800,1963-04-20,2011-10-12
Gaylor,Bonicelli,Male,gbonicellin1@hugedomains.com,316-430-8540,1942-07-18,2010-05-21
Akim,Cumberledge,Male,acumberledgen2@rambler.ru,423-842-8186,1963-03-09,2022-10-11
Arabela,Anwell,Female,aanwelln3@ycombinator.com,389-778-2750,1942-02-20,2023-09-27
Ruthie,Draijer,Male,rdraijern4@free.fr,675-363-0792,1982-12-30,2019-05-25
Normand,Walne,Male,nwalnen5@topsy.com,692-484-7367,1990-04-19,2021-04-20
Jordan,Jerrome,Female,jjerromen6@prnewswire.com,488-424-4357,1946-12-30,2024-02-18
Paola,Ainsley,Female,painsleyn7@boston.com,445-371-0483,1960-08-30,2013-03-03
Georg,Whitrod,Male,gwhitrodn8@google.co.jp,168-456-7960,1974-10-24,2016-04-27
Dan,Feore,Male,dfeoren9@fotki.com,169-284-0391,1965-04-27,2016-12-02
Chev,McLeman,Male,cmclemanna@about.com,637-935-9030,1945-03-04,2013-12-18
Tarrah,Larose,Female,tlarosenb@seattletimes.com,488-459-2641,1976-04-19,2022-04-24
Andras,Jellis,Male,ajellisnc@ed.gov,722-314-5490,1963-05-05,2013-06-07
Nikki,Rimbault,Female,nrimbaultnd@seattletimes.com,610-527-5392,1996-06-04,2010-03-30
Shelbi,Buxey,Female,sbuxeyne@goo.gl,284-302-0669,1960-06-24,2019-03-01
Shelli,Brittan,Female,sbrittannf@ucoz.ru,928-368-9445,1980-03-23,2015-03-22
Kylen,Pelfer,Female,kpelferng@discuz.net,856-798-5341,1981-09-05,2012-07-11
Rayner,Paulot,Male,rpaulotnh@cdc.gov,594-845-0355,1970-07-03,2015-07-13
Merrile,Draaisma,Female,mdraaismani@biglobe.ne.jp,382-446-7058,1993-08-05,2013-04-03
Valery,Macklin,Female,vmacklinnj@sbwire.com,401-206-1284,1967-12-15,2017-04-13
Moreen,Rozet,Female,mrozetnk@earthlink.net,697-708-8313,1997-12-16,2012-01-22
Shantee,Garshore,Female,sgarshorenl@dmoz.org,101-624-2927,1982-10-11,2018-01-26
Tibold,Allsopp,Male,tallsoppnm@prlog.org,339-499-6101,1989-01-01,2011-06-26
Bianka,Lofts,Male,bloftsnn@yellowbook.com,608-288-5704,1945-09-14,2019-09-04
Consolata,Bulley,Female,cbulleyno@hhs.gov,502-167-2567,1959-11-02,2013-10-31
Thorsten,Szymonwicz,Male,tszymonwicznp@intel.com,504-274-7388,1972-12-31,2018-04-28
Carolyne,Feeham,Female,cfeehamnq@china.com.cn,913-582-2882,1963-08-18,2020-10-06
Hew,Wein,Male,hweinnr@ebay.co.uk,980-726-7175,1975-06-05,2011-01-13
Clarine,Cadwell,Female,ccadwellns@samsung.com,983-678-3592,1955-08-18,2018-07-01
Rube,Siddon,Male,rsiddonnt@ucla.edu,834-789-9894,2000-09-26,2024-02-26
Jasmin,Cruikshanks,Female,jcruikshanksnu@phpbb.com,356-398-8787,1970-07-18,2012-12-28
Olwen,Dumblton,Female,odumbltonnv@alibaba.com,788-923-8004,1954-02-24,2022-12-08
Rickard,Cowderay,Male,rcowderaynw@wikispaces.com,573-428-1369,2000-12-08,2010-10-02
Ernaline,Hegerty,Female,ehegertynx@ezinearticles.com,378-260-9129,1976-07-15,2024-12-12
Joey,Gerant,Male,jgerantny@examiner.com,444-229-4620,1972-06-27,2013-07-13
Donal,Donaghie,Male,ddonaghienz@time.com,576-210-4613,1982-04-12,2023-06-10
Blane,Macrow,Male,bmacrowo0@vk.com,429-218-3208,1988-05-29,2010-02-03
Modesty,Cullum,Female,mcullumo1@buzzfeed.com,323-680-2384,1990-11-19,2017-07-04
Mariya,Itzakovitz,Female,mitzakovitzo2@ebay.co.uk,611-367-4016,1998-09-19,2020-04-15
Georgia,Rollins,Female,grollinso3@spiegel.de,474-341-9676,1986-01-09,2022-04-13
Fields,Camplin,Male,fcamplino4@ifeng.com,465-522-7266,1994-10-27,2013-06-18
Christoph,Shillan,Male,cshillano5@prnewswire.com,923-542-6455,1968-06-23,2017-03-11
Marv,Brownhall,Male,mbrownhallo6@t.co,194-494-6418,1981-10-01,2016-10-13
Teddy,Andric,Male,tandrico7@berkeley.edu,668-360-3716,1984-06-30,2013-01-02
Nobe,Baff,Male,nbaffo8@vinaora.com,613-797-9463,1995-04-29,2015-06-02
Sterne,Sola,Male,ssolao9@ftc.gov,210-220-5171,1944-01-05,2012-04-30
Jade,Eickhoff,Female,jeickhoffoa@msn.com,892-842-5700,1963-10-21,2016-02-12
Pansy,Garfoot,Female,pgarfootob@washingtonpost.com,779-675-5446,1956-09-10,2022-10-02
Agnola,Suerz,Female,asuerzoc@ameblo.jp,432-282-8111,1954-09-05,2024-10-31
Belita,Brotherton,Female,bbrothertonod@cloudflare.com,886-641-6023,1976-07-22,2015-02-13
Anabal,Ambler,Female,aambleroe@bluehost.com,557-295-8404,1988-10-18,2018-12-07
Theodoric,Pinwell,Male,tpinwellof@tripadvisor.com,477-961-7365,1984-01-08,2011-12-11
Renate,Jurgensen,Female,rjurgensenog@ftc.gov,719-251-9606,1973-06-05,2019-01-27
Todd,Kigelman,Male,tkigelmanoh@skyrock.com,510-565-4665,1993-09-23,2023-12-02
Donni,McElrath,Female,dmcelrathoi@google.ca,464-424-8886,2000-06-09,2015-06-01
Fenelia,Kitching,Female,fkitchingoj@behance.net,985-399-8978,1988-04-06,2018-09-16
Lyn,Pechacek,Male,lpechacekok@msu.edu,410-280-3521,1977-05-20,2010-08-27
Josee,Jaan,Female,jjaanol@yelp.com,893-342-8004,1968-12-29,2015-03-24
Janek,Verry,Male,jverryom@cdbaby.com,925-151-0154,1956-05-03,2013-04-06
Matelda,Mileham,Female,mmilehamon@cbslocal.com,201-241-9073,1950-09-15,2011-07-06
Arther,Litzmann,Male,alitzmannoo@pinterest.com,129-912-9823,1986-10-24,2015-04-06
Shea,Gutman,Male,sgutmanop@digg.com,706-244-9248,2000-01-03,2023-12-30
Gavan,Woodcroft,Male,gwoodcroftoq@alibaba.com,494-868-0478,1976-09-17,2011-05-29
Clarance,Yeomans,Male,cyeomansor@ebay.co.uk,441-849-7685,1947-10-20,2022-08-24
Wilfred,Gremain,Male,wgremainos@shinystat.com,165-773-2629,1959-10-20,2014-08-31
Amber,Knott,Female,aknottot@acquirethisname.com,423-317-5209,1974-03-24,2014-03-13
Reeta,Greest,Male,rgreestou@prlog.org,823-609-2319,1952-03-20,2013-04-04
Darryl,Ickovici,Male,dickoviciov@xinhuanet.com,861-553-8022,1984-05-13,2022-05-22
Evin,Muir,Male,emuirow@chron.com,535-292-0665,1996-06-23,2022-09-23
Dulcinea,Shalcros,Female,dshalcrosox@sun.com,320-889-2158,1991-01-16,2020-06-26
Padgett,Kenwyn,Female,pkenwynoy@usa.gov,132-561-9080,1991-01-18,2019-11-09
Kahlil,Baudins,Male,kbaudinsoz@indiatimes.com,203-881-5104,1985-04-23,2022-11-08
Benjy,Putnam,Male,bputnamp0@ucsd.edu,155-971-3530,1942-03-23,2014-01-11
Maure,Izod,Female,mizodp1@a8.net,410-946-2845,1990-11-01,2012-08-19
Robers,Linley,Male,rlinleyp2@home.pl,279-254-2941,1948-11-17,2014-12-21
Bud,Luno,Male,blunop3@nhs.uk,590-207-4576,1941-05-06,2020-10-10
Kellen,Penritt,Female,kpenrittp4@weibo.com,593-791-8669,1950-05-07,2015-02-23
Hillie,Alenikov,Male,halenikovp5@house.gov,257-374-2307,1962-05-04,2014-12-15
Willem,Sebrook,Male,wsebrookp6@yale.edu,950-297-5575,1965-05-02,2021-11-07
Frayda,Lillo,Female,flillop7@reddit.com,907-177-5421,1997-08-21,2011-08-01
Melita,Mabbot,Female,mmabbotp8@gnu.org,221-974-1083,1986-04-01,2020-01-07
Kimbra,Collete,Female,kcolletep9@surveymonkey.com,757-148-8830,1990-10-10,2019-05-07
Dorry,Reckus,Female,dreckuspa@google.it,310-348-1423,1981-04-23,2010-05-26
Tony,Collingwood,Female,tcollingwoodpb@myspace.com,163-171-1851,1982-03-04,2022-12-04
Calla,Edgecombe,Female,cedgecombepc@webs.com,157-182-3069,1943-08-16,2020-03-05
Hugo,Melia,Male,hmeliapd@seattletimes.com,608-603-9035,1966-01-12,2012-07-12
Haskell,Joannet,Male,hjoannetpe@goo.gl,502-530-7885,1942-03-28,2019-02-19
Karalynn,Flintoff,Female,kflintoffpf@ihg.com,421-857-5075,1959-07-15,2011-01-10
Niven,Piggen,Male,npiggenpg@hexun.com,795-238-1628,1944-09-18,2020-09-11
Pam,Hovard,Female,phovardph@ovh.net,362-306-4627,1951-07-09,2011-10-06
Adella,Lovett,Female,alovettpi@sun.com,359-167-0978,1970-07-24,2012-07-14
Ilise,Boughtwood,Female,iboughtwoodpj@java.com,676-845-3266,1970-01-22,2018-05-06
Rollo,Snowdon,Male,rsnowdonpk@springer.com,939-428-8270,1971-02-25,2021-02-14
Cati,Curcher,Female,ccurcherpl@twitter.com,344-413-6466,1975-01-17,2012-11-16
Flin,Grove,Male,fgrovepm@slate.com,968-856-7150,1978-01-12,2024-08-13
Farlay,Hendonson,Male,fhendonsonpn@seattletimes.com,457-321-6211,1974-10-12,2015-07-17
Kayle,Gaynes,Female,kgaynespo@nyu.edu,309-742-7940,1988-07-02,2020-06-11
Nicoline,Gerb,Female,ngerbpp@imgur.com,788-229-7947,1975-06-04,2010-10-28
Wallis,Josse,Male,wjossepq@icio.us,979-540-4037,1960-02-24,2014-05-05
Rhona,Revelle,Female,rrevellepr@friendfeed.com,362-211-1882,1942-03-31,2013-04-23
Demetra,Tinmouth,Female,dtinmouthps@nifty.com,925-388-0977,1942-04-23,2014-12-02
Gertie,Fevier,Female,gfevierpt@engadget.com,412-487-8118,1978-04-28,2018-04-20
Gaylor,Jameson,Male,gjamesonpu@webnode.com,461-934-5023,1967-03-22,2019-08-29
Diandra,Haszard,Female,dhaszardpv@tinypic.com,645-984-7903,1997-12-30,2023-09-17
Suzann,Parmeter,Female,sparmeterpw@soup.io,743-625-4225,1983-10-16,2016-08-03
Wittie,Eason,Male,weasonpx@fema.gov,143-533-4684,1997-07-09,2021-04-18
Urbanus,Humberston,Male,uhumberstonpy@statcounter.com,475-332-5511,1961-11-29,2019-10-20
Barnabas,Buckell,Male,bbuckellpz@cnn.com,510-911-4705,1947-03-24,2017-06-30
Ode,Fontelles,Male,ofontellesq0@dmoz.org,507-157-1050,1942-04-19,2010-02-16
Sutton,Taggett,Male,staggettq1@ibm.com,338-535-2318,1983-09-02,2013-04-28
Monte,Adamou,Male,madamouq2@eventbrite.com,847-191-8711,1946-05-08,2016-11-15
Philly,Bool,Female,pboolq3@angelfire.com,914-308-9693,2001-05-26,2019-09-27
Harald,Fidock,Male,hfidockq4@acquirethisname.com,605-224-6433,1974-11-25,2020-03-15
Bartie,Goulden,Male,bgouldenq5@bandcamp.com,506-908-3228,1952-11-30,2019-06-27
Wash,Cicchillo,Male,wcicchilloq6@kickstarter.com,259-623-4021,1977-04-01,2015-10-06
Winni,Cutten,Female,wcuttenq7@weibo.com,580-446-3992,1959-12-18,2010-06-12
Hillyer,Mayworth,Male,hmayworthq8@theglobeandmail.com,914-846-2242,1955-09-16,2019-12-14
Ilyse,Jakes,Female,ijakesq9@stumbleupon.com,813-490-9279,1987-04-25,2015-01-10
Tully,Hollingsbee,Male,thollingsbeeqa@engadget.com,601-529-0773,1965-08-07,2015-11-18
Pearline,Basillon,Male,pbasillonqb@drupal.org,536-612-4393,1960-08-21,2012-01-18
Correy,Avramov,Male,cavramovqc@dailymotion.com,234-605-2482,1990-01-09,2023-07-30
Tabb,Gumm,Male,tgummqd@sitemeter.com,538-506-5741,1969-10-23,2011-06-03
Andree,Oldrey,Male,aoldreyqe@kickstarter.com,821-988-6937,1985-11-19,2010-07-28
Kennett,Constantine,Male,kconstantineqf@senate.gov,307-438-2815,1963-08-10,2010-02-06
Georgi,Redemile,Male,gredemileqg@etsy.com,386-882-2187,1981-07-20,2022-09-27
Stearn,Powling,Male,spowlingqh@slashdot.org,481-296-8136,1981-05-12,2019-07-23
Lian,Hadeke,Female,lhadekeqi@goo.ne.jp,735-859-9953,1941-08-05,2024-04-05
Jerrie,Ruff,Female,jruffqj@bloomberg.com,653-787-9564,1942-10-01,2020-08-15
Johna,O'Fairy,Female,jofairyqk@gov.uk,689-960-8877,1972-04-17,2023-02-11
Anny,Avesque,Female,aavesqueql@kickstarter.com,923-115-7578,1980-10-28,2022-06-21
Garrett,Ikringill,Male,gikringillqm@photobucket.com,934-175-8379,1997-01-29,2016-10-05
Prudy,McKerrow,Female,pmckerrowqn@digg.com,690-731-6190,1970-09-11,2014-06-25
Sutherland,Stonham,Male,sstonhamqo@ustream.tv,182-196-2936,1963-02-14,2015-01-21
Giordano,Aizic,Male,gaizicqp@mlb.com,786-404-0888,1979-01-16,2010-08-26
Briana,Allcorn,Female,ballcornqq@goodreads.com,272-462-8794,1997-04-16,2019-04-10
Kristo,Robarts,Male,krobartsqr@symantec.com,891-343-8340,1980-01-20,2013-12-19
Dorothea,Tutton,Male,dtuttonqs@yahoo.co.jp,223-825-2776,1948-03-31,2015-06-15
Emmott,Christauffour,Male,echristauffourqt@oakley.com,752-639-2343,1957-09-06,2011-07-25
Dannye,Dwire,Female,ddwirequ@printfriendly.com,520-246-3807,1963-03-03,2015-11-08
Elden,MacTrustram,Male,emactrustramqv@patch.com,414-267-8478,1967-03-12,2019-02-16
Carilyn,Honnan,Female,chonnanqw@amazon.co.uk,350-276-3351,1962-06-09,2013-11-17
Christina,Dudny,Female,cdudnyqx@dailymotion.com,403-828-1259,1977-07-06,2010-03-28
Dot,Middlehurst,Female,dmiddlehurstqy@rambler.ru,812-894-3862,1977-06-20,2016-06-18
Tawsha,Matteuzzi,Female,tmatteuzziqz@gnu.org,559-223-5208,1958-05-06,2013-09-19
Tabbi,Ilymanov,Female,tilymanovr0@studiopress.com,360-364-6611,1956-11-21,2010-09-05
Raff,Gateland,Male,rgatelandr1@studiopress.com,975-416-5314,1999-05-08,2011-11-13
Thaine,Uccelli,Male,tuccellir2@amazon.de,951-144-5403,1962-12-09,2013-10-08
Torin,Lemerle,Male,tlemerler3@issuu.com,353-739-4722,1962-01-13,2013-11-26
Gamaliel,Spendley,Male,gspendleyr4@liveinternet.ru,844-802-3149,1972-12-27,2022-05-09
Honoria,Fain,Female,hfainr5@com.com,179-880-8650,1997-10-01,2015-02-14
Isidore,Farrance,Male,ifarrancer6@plala.or.jp,356-452-8944,1944-01-20,2014-10-21
Rosalynd,Janaszewski,Female,rjanaszewskir7@cpanel.net,610-391-2077,1995-01-03,2013-07-15
Eveline,Lightoller,Female,elightollerr8@miitbeian.gov.cn,422-538-2118,1975-01-31,2014-01-06
Theodore,Bamlett,Male,tbamlettr9@livejournal.com,312-798-2445,1987-09-21,2015-07-17
Letti,Aitchison,Female,laitchisonra@hc360.com,215-933-7817,1972-03-12,2011-02-12
Yoshiko,Brake,Female,ybrakerb@ucoz.com,975-868-5152,1975-12-22,2018-12-12
Pincas,Biglin,Male,pbiglinrc@who.int,129-854-3796,1964-09-12,2020-12-24
Matteo,Fuster,Male,mfusterrd@typepad.com,234-125-4966,1952-02-26,2010-10-10
Debby,Winny,Female,dwinnyre@telegraph.co.uk,477-225-8763,1948-05-14,2020-04-28
Karen,Bunney,Female,kbunneyrf@msn.com,502-320-3836,1977-05-17,2021-05-31
Debra,McCallam,Female,dmccallamrg@craigslist.org,241-774-4325,2001-11-21,2022-11-22
Cherie,Legister,Female,clegisterrh@cisco.com,804-430-7044,1955-10-07,2016-05-14
Araldo,Grioli,Male,agrioliri@wikispaces.com,998-745-4886,1983-11-21,2014-06-07
Olga,Camp,Female,ocamprj@amazon.co.jp,227-424-1011,1950-01-12,2011-08-07
Jackelyn,Collings,Female,jcollingsrk@tripod.com,515-202-3884,1951-03-09,2014-01-22
Erick,Jervoise,Male,ejervoiserl@businesswire.com,544-461-6061,1952-05-15,2019-08-22
Paige,Downey,Male,pdowneyrm@seesaa.net,798-206-2986,1985-12-12,2015-01-13
Baxie,Ioannidis,Male,bioannidisrn@statcounter.com,124-111-2226,1970-07-01,2014-05-23
Mort,Lyenyng,Male,mlyenyngro@istockphoto.com,731-158-0825,1990-05-01,2018-01-12
Estelle,Dodshon,Female,edodshonrp@biblegateway.com,500-819-2193,1971-10-13,2016-09-10
Irena,Bransdon,Female,ibransdonrq@samsung.com,694-818-5780,1975-12-15,2014-06-22
Charlena,Plaschke,Female,cplaschkerr@discuz.net,765-900-4261,1969-12-28,2022-10-21
